,x,g,pred,value,
1,0,0,pred1,"1,16318982584231",
2,"0,05",0,pred1,"1,22049342891211",
3,"0,1",0,pred1,"1,27779703198191",
4,"0,15",0,pred1,"1,33510063505171",
5,"0,2",0,pred1,"1,39240423812152",
6,"0,25",0,pred1,"1,44970784119132",
7,"0,3",0,pred1,"1,50701144426112",
8,"0,35",0,pred1,"1,56431504733092",
9,"0,4",0,pred1,"1,62161865040073",
10,"0,45",0,pred1,"1,67892225347053",
11,"0,5",0,pred1,"1,73622585654033",
12,"0,55",0,pred1,"1,79352945961013",
13,"0,6",0,pred1,"1,85083306267994",
14,"0,65",0,pred1,"1,90813666574974",
15,"0,7",0,pred1,"1,96544026881954",
16,"0,75",0,pred1,"2,02274387188934",
17,"0,8",0,pred1,"2,08004747495915",
18,"0,85",0,pred1,"2,13735107802895",
19,"0,9",0,pred1,"2,19465468109875",
20,"0,95",0,pred1,"2,25195828416855",
21,1,0,pred1,"2,30926188723836",
22,"1,05",0,pred1,"2,36656549030816",
23,"1,1",0,pred1,"2,42386909337796",
24,"1,15",0,pred1,"2,48117269644776",
25,"1,2",0,pred1,"2,53847629951757",
26,"1,25",0,pred1,"2,59577990258737",
27,"1,3",0,pred1,"2,65308350565717",
28,"1,35",0,pred1,"2,71038710872697",
29,"1,4",0,pred1,"2,76769071179678",
30,"1,45",0,pred1,"2,82499431486658",
31,"1,5",0,pred1,"2,88229791793638",
32,"1,55",0,pred1,"2,93960152100619",
33,"1,6",0,pred1,"2,99690512407599",
34,"1,65",0,pred1,"3,05420872714579",
35,"1,7",0,pred1,"3,11151233021559",
36,"1,75",0,pred1,"3,1688159332854",
37,"1,8",0,pred1,"3,2261195363552",
38,"1,85",0,pred1,"3,283423139425",
39,"1,9",0,pred1,"3,3407267424948",
40,"1,95",0,pred1,"3,39803034556461",
41,2,0,pred1,"3,45533394863441",
42,"2,05",0,pred1,"3,51263755170421",
43,"2,1",0,pred1,"3,56994115477401",
44,"2,15",0,pred1,"3,62724475784382",
45,"2,2",0,pred1,"3,68454836091362",
46,"2,25",0,pred1,"3,74185196398342",
47,"2,3",0,pred1,"3,79915556705322",
48,"2,35",0,pred1,"3,85645917012303",
49,"2,4",0,pred1,"3,91376277319283",
50,"2,45",0,pred1,"3,97106637626263",
51,"2,5",0,pred1,"4,02836997933243",
52,"2,55",0,pred1,"4,08567358240224",
53,"2,6",0,pred1,"4,14297718547204",
54,"2,65",0,pred1,"4,20028078854184",
55,"2,7",0,pred1,"4,25758439161164",
56,"2,75",0,pred1,"4,31488799468145",
57,"2,8",0,pred1,"4,37219159775125",
58,"2,85",0,pred1,"4,42949520082105",
59,"2,9",0,pred1,"4,48679880389086",
60,"2,95",0,pred1,"4,54410240696066",
61,3,0,pred1,"4,60140601003046",
62,"3,05",0,pred1,"4,65870961310026",
63,"3,1",0,pred1,"4,71601321617007",
64,"3,15",0,pred1,"4,77331681923987",
65,"3,2",0,pred1,"4,83062042230967",
66,"3,25",0,pred1,"4,88792402537947",
67,"3,3",0,pred1,"4,94522762844928",
68,"3,35",0,pred1,"5,00253123151908",
69,"3,4",0,pred1,"5,05983483458888",
70,"3,45",0,pred1,"5,11713843765868",
71,"3,5",0,pred1,"5,17444204072849",
72,"3,55",0,pred1,"5,23174564379829",
73,"3,6",0,pred1,"5,28904924686809",
74,"3,65",0,pred1,"5,34635284993789",
75,"3,7",0,pred1,"5,4036564530077",
76,"3,75",0,pred1,"5,4609600560775",
77,"3,8",0,pred1,"5,5182636591473",
78,"3,85",0,pred1,"5,5755672622171",
79,"3,9",0,pred1,"5,63287086528691",
80,"3,95",0,pred1,"5,69017446835671",
81,4,0,pred1,"5,74747807142651",
82,"4,05",0,pred1,"5,80478167449631",
83,"4,1",0,pred1,"5,86208527756612",
84,"4,15",0,pred1,"5,91938888063592",
85,"4,2",0,pred1,"5,97669248370572",
86,"4,25",0,pred1,"6,03399608677552",
87,"4,3",0,pred1,"6,09129968984533",
88,"4,35",0,pred1,"6,14860329291513",
89,"4,4",0,pred1,"6,20590689598493",
90,"4,45",0,pred1,"6,26321049905474",
91,"4,5",0,pred1,"6,32051410212454",
92,"4,55",0,pred1,"6,37781770519434",
93,"4,6",0,pred1,"6,43512130826414",
94,"4,65",0,pred1,"6,49242491133395",
95,"4,7",0,pred1,"6,54972851440375",
96,"4,75",0,pred1,"6,60703211747355",
97,"4,8",0,pred1,"6,66433572054335",
98,"4,85",0,pred1,"6,72163932361316",
99,"4,9",0,pred1,"6,77894292668296",
100,"4,95",0,pred1,"6,83624652975276",
101,5,0,pred1,"6,89355013282256",
102,"5,05",0,pred1,"6,95085373589237",
103,"5,1",0,pred1,"7,00815733896217",
104,"5,15",0,pred1,"7,06546094203197",
105,"5,2",0,pred1,"7,12276454510177",
106,"5,25",0,pred1,"7,18006814817158",
107,"5,3",0,pred1,"7,23737175124138",
108,"5,35",0,pred1,"7,29467535431118",
109,"5,4",0,pred1,"7,35197895738099",
110,"5,45",0,pred1,"7,40928256045079",
111,"5,5",0,pred1,"7,46658616352059",
112,"5,55",0,pred1,"7,52388976659039",
113,"5,6",0,pred1,"7,5811933696602",
114,"5,65",0,pred1,"7,63849697273",
115,"5,7",0,pred1,"7,6958005757998",
116,"5,75",0,pred1,"7,7531041788696",
117,"5,8",0,pred1,"7,81040778193941",
118,"5,85",0,pred1,"7,86771138500921",
119,"5,9",0,pred1,"7,92501498807901",
120,"5,95",0,pred1,"7,98231859114881",
121,6,1,pred1,"8,30851755316955",
122,"6,05",1,pred1,"8,31320596143966",
123,"6,1",1,pred1,"8,31789436970977",
124,"6,15",1,pred1,"8,32258277797988",
125,"6,2",1,pred1,"8,32727118624999",
126,"6,25",1,pred1,"8,3319595945201",
127,"6,3",1,pred1,"8,33664800279021",
128,"6,35",1,pred1,"8,34133641106032",
129,"6,4",1,pred1,"8,34602481933043",
130,"6,45",1,pred1,"8,35071322760054",
131,"6,5",1,pred1,"8,35540163587065",
132,"6,55",1,pred1,"8,36009004414076",
133,"6,6",1,pred1,"8,36477845241087",
134,"6,65",1,pred1,"8,36946686068098",
135,"6,7",1,pred1,"8,37415526895109",
136,"6,75",1,pred1,"8,3788436772212",
137,"6,8",1,pred1,"8,38353208549131",
138,"6,85",1,pred1,"8,38822049376142",
139,"6,9",1,pred1,"8,39290890203153",
140,"6,95",1,pred1,"8,39759731030164",
141,7,1,pred1,"8,40228571857175",
142,"7,05",1,pred1,"8,40697412684186",
143,"7,1",1,pred1,"8,41166253511197",
144,"7,15",1,pred1,"8,41635094338208",
145,"7,2",1,pred1,"8,42103935165219",
146,"7,25",1,pred1,"8,42572775992229",
147,"7,3",1,pred1,"8,43041616819241",
148,"7,35",1,pred1,"8,43510457646251",
149,"7,4",1,pred1,"8,43979298473262",
150,"7,45",1,pred1,"8,44448139300273",
151,"7,5",1,pred1,"8,44916980127284",
152,"7,55",1,pred1,"8,45385820954295",
153,"7,6",1,pred1,"8,45854661781306",
154,"7,65",1,pred1,"8,46323502608317",
155,"7,7",1,pred1,"8,46792343435328",
156,"7,75",1,pred1,"8,47261184262339",
157,"7,8",1,pred1,"8,4773002508935",
158,"7,85",1,pred1,"8,48198865916361",
159,"7,9",1,pred1,"8,48667706743372",
160,"7,95",1,pred1,"8,49136547570383",
161,8,1,pred1,"8,49605388397394",
162,"8,05",1,pred1,"8,50074229224405",
163,"8,1",1,pred1,"8,50543070051416",
164,"8,15",1,pred1,"8,51011910878427",
165,"8,2",1,pred1,"8,51480751705438",
166,"8,25",1,pred1,"8,51949592532449",
167,"8,3",1,pred1,"8,5241843335946",
168,"8,35",1,pred1,"8,52887274186471",
169,"8,4",1,pred1,"8,53356115013482",
170,"8,45",1,pred1,"8,53824955840493",
171,"8,5",1,pred1,"8,54293796667504",
172,"8,55",1,pred1,"8,54762637494515",
173,"8,6",1,pred1,"8,55231478321526",
174,"8,65",1,pred1,"8,55700319148537",
175,"8,7",1,pred1,"8,56169159975548",
176,"8,75",1,pred1,"8,56638000802559",
177,"8,8",1,pred1,"8,5710684162957",
178,"8,85",1,pred1,"8,57575682456581",
179,"8,9",1,pred1,"8,58044523283592",
180,"8,95",1,pred1,"8,58513364110603",
181,9,1,pred1,"8,58982204937614",
182,"9,05",1,pred1,"8,59451045764625",
183,"9,1",1,pred1,"8,59919886591636",
184,"9,15",1,pred1,"8,60388727418647",
185,"9,2",1,pred1,"8,60857568245658",
186,"9,25",1,pred1,"8,61326409072669",
187,"9,3",1,pred1,"8,6179524989968",
188,"9,35",1,pred1,"8,62264090726691",
189,"9,4",1,pred1,"8,62732931553702",
190,"9,45",1,pred1,"8,63201772380713",
191,"9,5",1,pred1,"8,63670613207724",
192,"9,55",1,pred1,"8,64139454034735",
193,"9,6",1,pred1,"8,64608294861746",
194,"9,65",1,pred1,"8,65077135688757",
195,"9,7",1,pred1,"8,65545976515768",
196,"9,75",1,pred1,"8,66014817342779",
197,"9,8",1,pred1,"8,6648365816979",
198,"9,85",1,pred1,"8,66952498996801",
199,"9,9",1,pred1,"8,67421339823812",
200,"9,95",1,pred1,"8,67890180650823",
201,10,1,pred1,"8,68359021477834",
202,"10,05",1,pred1,"8,68827862304845",
203,"10,1",1,pred1,"8,69296703131856",
204,"10,15",1,pred1,"8,69765543958867",
205,"10,2",1,pred1,"8,70234384785878",
206,"10,25",1,pred1,"8,70703225612889",
207,"10,3",1,pred1,"8,711720664399",
208,"10,35",1,pred1,"8,71640907266911",
209,"10,4",1,pred1,"8,72109748093922",
210,"10,45",1,pred1,"8,72578588920933",
211,"10,5",1,pred1,"8,73047429747944",
212,"10,55",1,pred1,"8,73516270574955",
213,"10,6",1,pred1,"8,73985111401966",
214,"10,65",1,pred1,"8,74453952228977",
215,"10,7",1,pred1,"8,74922793055988",
216,"10,75",1,pred1,"8,75391633882999",
217,"10,8",1,pred1,"8,7586047471001",
218,"10,85",1,pred1,"8,76329315537021",
219,"10,9",1,pred1,"8,76798156364032",
220,"10,95",1,pred1,"8,77266997191043",
221,11,1,pred1,"8,77735838018054",
222,"11,05",1,pred1,"8,78204678845065",
223,"11,1",1,pred1,"8,78673519672076",
224,"11,15",1,pred1,"8,79142360499087",
225,"11,2",1,pred1,"8,79611201326098",
226,"11,25",1,pred1,"8,80080042153109",
227,"11,3",1,pred1,"8,8054888298012",
228,"11,35",1,pred1,"8,81017723807131",
229,"11,4",1,pred1,"8,81486564634142",
230,"11,45",1,pred1,"8,81955405461153",
231,"11,5",1,pred1,"8,82424246288164",
232,"11,55",1,pred1,"8,82893087115175",
233,"11,6",1,pred1,"8,83361927942186",
234,"11,65",1,pred1,"8,83830768769197",
235,"11,7",1,pred1,"8,84299609596208",
236,"11,75",1,pred1,"8,84768450423219",
237,"11,8",1,pred1,"8,8523729125023",
238,"11,85",1,pred1,"8,85706132077241",
239,"11,9",1,pred1,"8,86174972904251",
240,"11,95",1,pred1,"8,86643813731263",
241,12,1,pred1,"8,87112654558273",
242,"12,05",1,pred1,"8,87581495385285",
243,"12,1",1,pred1,"8,88050336212296",
244,"12,15",1,pred1,"8,88519177039307",
245,"12,2",1,pred1,"8,88988017866317",
246,"12,25",1,pred1,"8,89456858693329",
247,"12,3",1,pred1,"8,89925699520339",
248,"12,35",1,pred1,"8,9039454034735",
249,"12,4",1,pred1,"8,90863381174361",
250,"12,45",1,pred1,"8,91332222001373",
251,"12,5",1,pred1,"8,91801062828383",
252,"12,55",1,pred1,"8,92269903655395",
253,"12,6",1,pred1,"8,92738744482405",
254,"12,65",1,pred1,"8,93207585309417",
255,"12,7",1,pred1,"8,93676426136427",
256,"12,75",1,pred1,"8,94145266963438",
257,"12,8",1,pred1,"8,94614107790449",
258,"12,85",1,pred1,"8,95082948617461",
259,"12,9",1,pred1,"8,95551789444471",
260,"12,95",1,pred1,"8,96020630271482",
261,13,1,pred1,"8,96489471098493",
262,"13,05",1,pred1,"8,96958311925504",
263,"13,1",1,pred1,"8,97427152752515",
264,"13,15",1,pred1,"8,97895993579526",
265,"13,2",1,pred1,"8,98364834406537",
266,"13,25",1,pred1,"8,98833675233548",
267,"13,3",1,pred1,"8,99302516060559",
268,"13,35",1,pred1,"8,9977135688757",
269,"13,4",1,pred1,"9,00240197714581",
270,"13,45",1,pred1,"9,00709038541592",
271,"13,5",1,pred1,"9,01177879368603",
272,"13,55",1,pred1,"9,01646720195614",
273,"13,6",1,pred1,"9,02115561022625",
274,"13,65",1,pred1,"9,02584401849636",
275,"13,7",1,pred1,"9,03053242676647",
276,"13,75",1,pred1,"9,03522083503658",
277,"13,8",1,pred1,"9,03990924330669",
278,"13,85",1,pred1,"9,0445976515768",
279,"13,9",1,pred1,"9,04928605984691",
280,"13,95",1,pred1,"9,05397446811702",
281,14,1,pred1,"9,05866287638713",
282,0,0,pred2,"2,77377096698996",
283,"0,05",0,pred2,"2,8009561756484",
284,"0,1",0,pred2,"2,82814138430684",
285,"0,15",0,pred2,"2,85532659296528",
286,"0,2",0,pred2,"2,88251180162372",
287,"0,25",0,pred2,"2,90969701028216",
288,"0,3",0,pred2,"2,9368822189406",
289,"0,35",0,pred2,"2,96406742759904",
290,"0,4",0,pred2,"2,99125263625748",
291,"0,45",0,pred2,"3,01843784491592",
292,"0,5",0,pred2,"3,04562305357435",
293,"0,55",0,pred2,"3,07280826223279",
294,"0,6",0,pred2,"3,09999347089123",
295,"0,65",0,pred2,"3,12717867954967",
296,"0,7",0,pred2,"3,15436388820811",
297,"0,75",0,pred2,"3,18154909686655",
298,"0,8",0,pred2,"3,20873430552499",
299,"0,85",0,pred2,"3,23591951418343",
300,"0,9",0,pred2,"3,26310472284187",
301,"0,95",0,pred2,"3,29028993150031",
302,1,0,pred2,"3,31747514015875",
303,"1,05",0,pred2,"3,34466034881719",
304,"1,1",0,pred2,"3,37184555747563",
305,"1,15",0,pred2,"3,39903076613406",
306,"1,2",0,pred2,"3,4262159747925",
307,"1,25",0,pred2,"3,45340118345094",
308,"1,3",0,pred2,"3,48058639210938",
309,"1,35",0,pred2,"3,50777160076782",
310,"1,4",0,pred2,"3,53495680942626",
311,"1,45",0,pred2,"3,5621420180847",
312,"1,5",0,pred2,"3,58932722674314",
313,"1,55",0,pred2,"3,61651243540158",
314,"1,6",0,pred2,"3,64369764406002",
315,"1,65",0,pred2,"3,67088285271846",
316,"1,7",0,pred2,"3,6980680613769",
317,"1,75",0,pred2,"3,72525327003533",
318,"1,8",0,pred2,"3,75243847869377",
319,"1,85",0,pred2,"3,77962368735221",
320,"1,9",0,pred2,"3,80680889601065",
321,"1,95",0,pred2,"3,83399410466909",
322,2,0,pred2,"3,86117931332753",
323,"2,05",0,pred2,"3,88836452198597",
324,"2,1",0,pred2,"3,91554973064441",
325,"2,15",0,pred2,"3,94273493930285",
326,"2,2",0,pred2,"3,96992014796129",
327,"2,25",0,pred2,"3,99710535661973",
328,"2,3",0,pred2,"4,02429056527817",
329,"2,35",0,pred2,"4,05147577393661",
330,"2,4",0,pred2,"4,07866098259504",
331,"2,45",0,pred2,"4,10584619125348",
332,"2,5",0,pred2,"4,13303139991192",
333,"2,55",0,pred2,"4,16021660857036",
334,"2,6",0,pred2,"4,1874018172288",
335,"2,65",0,pred2,"4,21458702588724",
336,"2,7",0,pred2,"4,24177223454568",
337,"2,75",0,pred2,"4,26895744320412",
338,"2,8",0,pred2,"4,29614265186256",
339,"2,85",0,pred2,"4,323327860521",
340,"2,9",0,pred2,"4,35051306917944",
341,"2,95",0,pred2,"4,37769827783788",
342,3,0,pred2,"4,40488348649632",
343,"3,05",0,pred2,"4,43206869515475",
344,"3,1",0,pred2,"4,45925390381319",
345,"3,15",0,pred2,"4,48643911247163",
346,"3,2",0,pred2,"4,51362432113007",
347,"3,25",0,pred2,"4,54080952978851",
348,"3,3",0,pred2,"4,56799473844695",
349,"3,35",0,pred2,"4,59517994710539",
350,"3,4",0,pred2,"4,62236515576383",
351,"3,45",0,pred2,"4,64955036442227",
352,"3,5",0,pred2,"4,67673557308071",
353,"3,55",0,pred2,"4,70392078173915",
354,"3,6",0,pred2,"4,73110599039759",
355,"3,65",0,pred2,"4,75829119905602",
356,"3,7",0,pred2,"4,78547640771446",
357,"3,75",0,pred2,"4,8126616163729",
358,"3,8",0,pred2,"4,83984682503134",
359,"3,85",0,pred2,"4,86703203368978",
360,"3,9",0,pred2,"4,89421724234822",
361,"3,95",0,pred2,"4,92140245100666",
362,4,0,pred2,"4,9485876596651",
363,"4,05",0,pred2,"4,97577286832354",
364,"4,1",0,pred2,"5,00295807698198",
365,"4,15",0,pred2,"5,03014328564042",
366,"4,2",0,pred2,"5,05732849429886",
367,"4,25",0,pred2,"5,0845137029573",
368,"4,3",0,pred2,"5,11169891161573",
369,"4,35",0,pred2,"5,13888412027417",
370,"4,4",0,pred2,"5,16606932893261",
371,"4,45",0,pred2,"5,19325453759105",
372,"4,5",0,pred2,"5,22043974624949",
373,"4,55",0,pred2,"5,24762495490793",
374,"4,6",0,pred2,"5,27481016356637",
375,"4,65",0,pred2,"5,30199537222481",
376,"4,7",0,pred2,"5,32918058088325",
377,"4,75",0,pred2,"5,35636578954169",
378,"4,8",0,pred2,"5,38355099820013",
379,"4,85",0,pred2,"5,41073620685857",
380,"4,9",0,pred2,"5,43792141551701",
381,"4,95",0,pred2,"5,46510662417544",
382,5,0,pred2,"5,49229183283388",
383,"5,05",0,pred2,"5,51947704149232",
384,"5,1",0,pred2,"5,54666225015076",
385,"5,15",0,pred2,"5,5738474588092",
386,"5,2",0,pred2,"5,60103266746764",
387,"5,25",0,pred2,"5,62821787612608",
388,"5,3",0,pred2,"5,65540308478452",
389,"5,35",0,pred2,"5,68258829344296",
390,"5,4",0,pred2,"5,7097735021014",
391,"5,45",0,pred2,"5,73695871075984",
392,"5,5",0,pred2,"5,76414391941828",
393,"5,55",0,pred2,"5,79132912807671",
394,"5,6",0,pred2,"5,81851433673515",
395,"5,65",0,pred2,"5,84569954539359",
396,"5,7",0,pred2,"5,87288475405203",
397,"5,75",0,pred2,"5,90006996271047",
398,"5,8",0,pred2,"5,92725517136891",
399,"5,85",0,pred2,"5,95444038002735",
400,"5,9",0,pred2,"5,98162558868579",
401,"5,95",0,pred2,"6,00881079734423",
402,6,1,pred2,"6,85122481690333","0,02718520865844"
403,"6,05",1,pred2,"6,87841002556177","0,86959922821754"
404,"6,1",1,pred2,"6,9055952342202",
405,"6,15",1,pred2,"6,93278044287864",
406,"6,2",1,pred2,"6,95996565153708",
407,"6,25",1,pred2,"6,98715086019552",
408,"6,3",1,pred2,"7,01433606885396",
409,"6,35",1,pred2,"7,0415212775124",
410,"6,4",1,pred2,"7,06870648617084",
411,"6,45",1,pred2,"7,09589169482928",
412,"6,5",1,pred2,"7,12307690348772",
413,"6,55",1,pred2,"7,15026211214616",
414,"6,6",1,pred2,"7,1774473208046",
415,"6,65",1,pred2,"7,20463252946304",
416,"6,7",1,pred2,"7,23181773812148",
417,"6,75",1,pred2,"7,25900294677991",
418,"6,8",1,pred2,"7,28618815543835",
419,"6,85",1,pred2,"7,31337336409679",
420,"6,9",1,pred2,"7,34055857275523",
421,"6,95",1,pred2,"7,36774378141367",
422,7,1,pred2,"7,39492899007211",
423,"7,05",1,pred2,"7,42211419873055",
424,"7,1",1,pred2,"7,44929940738899",
425,"7,15",1,pred2,"7,47648461604743",
426,"7,2",1,pred2,"7,50366982470587",
427,"7,25",1,pred2,"7,53085503336431",
428,"7,3",1,pred2,"7,55804024202275",
429,"7,35",1,pred2,"7,58522545068119",
430,"7,4",1,pred2,"7,61241065933962",
431,"7,45",1,pred2,"7,63959586799806",
432,"7,5",1,pred2,"7,6667810766565",
433,"7,55",1,pred2,"7,69396628531494",
434,"7,6",1,pred2,"7,72115149397338",
435,"7,65",1,pred2,"7,74833670263182",
436,"7,7",1,pred2,"7,77552191129026",
437,"7,75",1,pred2,"7,8027071199487",
438,"7,8",1,pred2,"7,82989232860714",
439,"7,85",1,pred2,"7,85707753726558",
440,"7,9",1,pred2,"7,88426274592402",
441,"7,95",1,pred2,"7,91144795458246",
442,8,1,pred2,"7,93863316324089",
443,"8,05",1,pred2,"7,96581837189933",
444,"8,1",1,pred2,"7,99300358055777",
445,"8,15",1,pred2,"8,02018878921621",
446,"8,2",1,pred2,"8,04737399787465",
447,"8,25",1,pred2,"8,07455920653309",
448,"8,3",1,pred2,"8,10174441519153",
449,"8,35",1,pred2,"8,12892962384997",
450,"8,4",1,pred2,"8,15611483250841",
451,"8,45",1,pred2,"8,18330004116685",
452,"8,5",1,pred2,"8,21048524982529",
453,"8,55",1,pred2,"8,23767045848373",
454,"8,6",1,pred2,"8,26485566714216",
455,"8,65",1,pred2,"8,2920408758006",
456,"8,7",1,pred2,"8,31922608445904",
457,"8,75",1,pred2,"8,34641129311748",
458,"8,8",1,pred2,"8,37359650177592",
459,"8,85",1,pred2,"8,40078171043436",
460,"8,9",1,pred2,"8,4279669190928",
461,"8,95",1,pred2,"8,45515212775124",
462,9,1,pred2,"8,48233733640968",
463,"9,05",1,pred2,"8,50952254506812",
464,"9,1",1,pred2,"8,53670775372656",
465,"9,15",1,pred2,"8,563892962385",
466,"9,2",1,pred2,"8,59107817104344",
467,"9,25",1,pred2,"8,61826337970187",
468,"9,3",1,pred2,"8,64544858836032",
469,"9,35",1,pred2,"8,67263379701875",
470,"9,4",1,pred2,"8,69981900567719",
471,"9,45",1,pred2,"8,72700421433563",
472,"9,5",1,pred2,"8,75418942299407",
473,"9,55",1,pred2,"8,78137463165251",
474,"9,6",1,pred2,"8,80855984031095",
475,"9,65",1,pred2,"8,83574504896939",
476,"9,7",1,pred2,"8,86293025762783",
477,"9,75",1,pred2,"8,89011546628627",
478,"9,8",1,pred2,"8,91730067494471",
479,"9,85",1,pred2,"8,94448588360315",
480,"9,9",1,pred2,"8,97167109226158",
481,"9,95",1,pred2,"8,99885630092002",
482,10,1,pred2,"9,02604150957846",
483,"10,05",1,pred2,"9,0532267182369",
484,"10,1",1,pred2,"9,08041192689534",
485,"10,15",1,pred2,"9,10759713555378",
486,"10,2",1,pred2,"9,13478234421222",
487,"10,25",1,pred2,"9,16196755287066",
488,"10,3",1,pred2,"9,1891527615291",
489,"10,35",1,pred2,"9,21633797018754",
490,"10,4",1,pred2,"9,24352317884598",
491,"10,45",1,pred2,"9,27070838750442",
492,"10,5",1,pred2,"9,29789359616285",
493,"10,55",1,pred2,"9,3250788048213",
494,"10,6",1,pred2,"9,35226401347973",
495,"10,65",1,pred2,"9,37944922213817",
496,"10,7",1,pred2,"9,40663443079661",
497,"10,75",1,pred2,"9,43381963945505",
498,"10,8",1,pred2,"9,46100484811349",
499,"10,85",1,pred2,"9,48819005677193",
500,"10,9",1,pred2,"9,51537526543037",
501,"10,95",1,pred2,"9,54256047408881",
502,11,1,pred2,"9,56974568274725",
503,"11,05",1,pred2,"9,59693089140569",
504,"11,1",1,pred2,"9,62411610006413",
505,"11,15",1,pred2,"9,65130130872257",
506,"11,2",1,pred2,"9,67848651738101",
507,"11,25",1,pred2,"9,70567172603944",
508,"11,3",1,pred2,"9,73285693469788",
509,"11,35",1,pred2,"9,76004214335632",
510,"11,4",1,pred2,"9,78722735201476",
511,"11,45",1,pred2,"9,8144125606732",
512,"11,5",1,pred2,"9,84159776933164",
513,"11,55",1,pred2,"9,86878297799008",
514,"11,6",1,pred2,"9,89596818664852",
515,"11,65",1,pred2,"9,92315339530696",
516,"11,7",1,pred2,"9,9503386039654",
517,"11,75",1,pred2,"9,97752381262383",
518,"11,8",1,pred2,"10,0047090212823",
519,"11,85",1,pred2,"10,0318942299407",
520,"11,9",1,pred2,"10,0590794385992",
521,"11,95",1,pred2,"10,0862646472576",
522,12,1,pred2,"10,113449855916",
523,"12,05",1,pred2,"10,1406350645745",
524,"12,1",1,pred2,"10,1678202732329",
525,"12,15",1,pred2,"10,1950054818914",
526,"12,2",1,pred2,"10,2221906905498",
527,"12,25",1,pred2,"10,2493758992082",
528,"12,3",1,pred2,"10,2765611078667",
529,"12,35",1,pred2,"10,3037463165251",
530,"12,4",1,pred2,"10,3309315251835",
531,"12,45",1,pred2,"10,358116733842",
532,"12,5",1,pred2,"10,3853019425004",
533,"12,55",1,pred2,"10,4124871511589",
534,"12,6",1,pred2,"10,4396723598173",
535,"12,65",1,pred2,"10,4668575684757",
536,"12,7",1,pred2,"10,4940427771342",
537,"12,75",1,pred2,"10,5212279857926",
538,"12,8",1,pred2,"10,5484131944511",
539,"12,85",1,pred2,"10,5755984031095",
540,"12,9",1,pred2,"10,6027836117679",
541,"12,95",1,pred2,"10,6299688204264",
542,13,1,pred2,"10,6571540290848",
543,"13,05",1,pred2,"10,6843392377433",
544,"13,1",1,pred2,"10,7115244464017",
545,"13,15",1,pred2,"10,7387096550601",
546,"13,2",1,pred2,"10,7658948637186",
547,"13,25",1,pred2,"10,793080072377",
548,"13,3",1,pred2,"10,8202652810355",
549,"13,35",1,pred2,"10,8474504896939",
550,"13,4",1,pred2,"10,8746356983523",
551,"13,45",1,pred2,"10,9018209070108",
552,"13,5",1,pred2,"10,9290061156692",
553,"13,55",1,pred2,"10,9561913243276",
554,"13,6",1,pred2,"10,9833765329861",
555,"13,65",1,pred2,"11,0105617416445",
556,"13,7",1,pred2,"11,037746950303",
557,"13,75",1,pred2,"11,0649321589614",
558,"13,8",1,pred2,"11,0921173676198",
559,"13,85",1,pred2,"11,1193025762783",
560,"13,9",1,pred2,"11,1464877849367",
561,"13,95",1,pred2,"11,1736729935952",
562,14,1,pred2,"11,2008582022536",
563,0,0,pred3,"1,99368871457",
564,"0,05",0,pred3,"2,03979462922336",
565,"0,1",0,pred3,"2,08590054387671",
566,"0,15",0,pred3,"2,13200645853006",
567,"0,2",0,pred3,"2,17811237318341",
568,"0,25",0,pred3,"2,22421828783677",
569,"0,3",0,pred3,"2,27032420249012",
570,"0,35",0,pred3,"2,31643011714347",
571,"0,4",0,pred3,"2,36253603179683",
572,"0,45",0,pred3,"2,40864194645018",
573,"0,5",0,pred3,"2,45474786110353",
574,"0,55",0,pred3,"2,50085377575688",
575,"0,6",0,pred3,"2,54695969041024",
576,"0,65",0,pred3,"2,59306560506359",
577,"0,7",0,pred3,"2,63917151971694",
578,"0,75",0,pred3,"2,68527743437029",
579,"0,8",0,pred3,"2,73138334902365",
580,"0,85",0,pred3,"2,777489263677",
581,"0,9",0,pred3,"2,82359517833035",
582,"0,95",0,pred3,"2,8697010929837",
583,1,0,pred3,"2,91580700763706",
584,"1,05",0,pred3,"2,96191292229041",
585,"1,1",0,pred3,"3,00801883694376",
586,"1,15",0,pred3,"3,05412475159712",
587,"1,2",0,pred3,"3,10023066625047",
588,"1,25",0,pred3,"3,14633658090382",
589,"1,3",0,pred3,"3,19244249555717",
590,"1,35",0,pred3,"3,23854841021053",
591,"1,4",0,pred3,"3,28465432486388",
592,"1,45",0,pred3,"3,33076023951723",
593,"1,5",0,pred3,"3,37686615417058",
594,"1,55",0,pred3,"3,42297206882394",
595,"1,6",0,pred3,"3,46907798347729",
596,"1,65",0,pred3,"3,51518389813064",
597,"1,7",0,pred3,"3,561289812784",
598,"1,75",0,pred3,"3,60739572743735",
599,"1,8",0,pred3,"3,6535016420907",
600,"1,85",0,pred3,"3,69960755674405",
601,"1,9",0,pred3,"3,74571347139741",
602,"1,95",0,pred3,"3,79181938605076",
603,2,0,pred3,"3,83792530070411",
604,"2,05",0,pred3,"3,88403121535746",
605,"2,1",0,pred3,"3,93013713001082",
606,"2,15",0,pred3,"3,97624304466417",
607,"2,2",0,pred3,"4,02234895931752",
608,"2,25",0,pred3,"4,06845487397088",
609,"2,3",0,pred3,"4,11456078862423",
610,"2,35",0,pred3,"4,16066670327758",
611,"2,4",0,pred3,"4,20677261793093",
612,"2,45",0,pred3,"4,25287853258429",
613,"2,5",0,pred3,"4,29898444723764",
614,"2,55",0,pred3,"4,34509036189099",
615,"2,6",0,pred3,"4,39119627654434",
616,"2,65",0,pred3,"4,4373021911977",
617,"2,7",0,pred3,"4,48340810585105",
618,"2,75",0,pred3,"4,5295140205044",
619,"2,8",0,pred3,"4,57561993515775",
620,"2,85",0,pred3,"4,62172584981111",
621,"2,9",0,pred3,"4,66783176446446",
622,"2,95",0,pred3,"4,71393767911781",
623,3,0,pred3,"4,76004359377117",
624,"3,05",0,pred3,"4,80614950842452",
625,"3,1",0,pred3,"4,85225542307787",
626,"3,15",0,pred3,"4,89836133773122",
627,"3,2",0,pred3,"4,94446725238458",
628,"3,25",0,pred3,"4,99057316703793",
629,"3,3",0,pred3,"5,03667908169128",
630,"3,35",0,pred3,"5,08278499634463",
631,"3,4",0,pred3,"5,12889091099799",
632,"3,45",0,pred3,"5,17499682565134",
633,"3,5",0,pred3,"5,22110274030469",
634,"3,55",0,pred3,"5,26720865495805",
635,"3,6",0,pred3,"5,3133145696114",
636,"3,65",0,pred3,"5,35942048426475",
637,"3,7",0,pred3,"5,4055263989181",
638,"3,75",0,pred3,"5,45163231357146",
639,"3,8",0,pred3,"5,49773822822481",
640,"3,85",0,pred3,"5,54384414287816",
641,"3,9",0,pred3,"5,58995005753151",
642,"3,95",0,pred3,"5,63605597218487",
643,4,0,pred3,"5,68216188683822",
644,"4,05",0,pred3,"5,72826780149157",
645,"4,1",0,pred3,"5,77437371614493",
646,"4,15",0,pred3,"5,82047963079828",
647,"4,2",0,pred3,"5,86658554545163",
648,"4,25",0,pred3,"5,91269146010498",
649,"4,3",0,pred3,"5,95879737475834",
650,"4,35",0,pred3,"6,00490328941169",
651,"4,4",0,pred3,"6,05100920406504",
652,"4,45",0,pred3,"6,09711511871839",
653,"4,5",0,pred3,"6,14322103337175",
654,"4,55",0,pred3,"6,1893269480251",
655,"4,6",0,pred3,"6,23543286267845",
656,"4,65",0,pred3,"6,2815387773318",
657,"4,7",0,pred3,"6,32764469198516",
658,"4,75",0,pred3,"6,37375060663851",
659,"4,8",0,pred3,"6,41985652129186",
660,"4,85",0,pred3,"6,46596243594522",
661,"4,9",0,pred3,"6,51206835059857",
662,"4,95",0,pred3,"6,55817426525192",
663,5,0,pred3,"6,60428017990527",
664,"5,05",0,pred3,"6,65038609455863",
665,"5,1",0,pred3,"6,69649200921198",
666,"5,15",0,pred3,"6,74259792386533",
667,"5,2",0,pred3,"6,78870383851868",
668,"5,25",0,pred3,"6,83480975317204",
669,"5,3",0,pred3,"6,88091566782539",
670,"5,35",0,pred3,"6,92702158247874",
671,"5,4",0,pred3,"6,9731274971321",
672,"5,45",0,pred3,"7,01923341178545",
673,"5,5",0,pred3,"7,0653393264388",
674,"5,55",0,pred3,"7,11144524109215",
675,"5,6",0,pred3,"7,15755115574551",
676,"5,65",0,pred3,"7,20365707039886",
677,"5,7",0,pred3,"7,24976298505221",
678,"5,75",0,pred3,"7,29586889970556",
679,"5,8",0,pred3,"7,34197481435892",
680,"5,85",0,pred3,"7,38808072901227",
681,"5,9",0,pred3,"7,43418664366562",
682,"5,95",0,pred3,"7,48029255831897",
683,6,1,pred3,"6,02444481018092",
684,"6,05",1,pred3,"6,05803444431102",
685,"6,1",1,pred3,"6,09162407844111",
686,"6,15",1,pred3,"6,1252137125712",
687,"6,2",1,pred3,"6,15880334670129",
688,"6,25",1,pred3,"6,19239298083138",
689,"6,3",1,pred3,"6,22598261496147",
690,"6,35",1,pred3,"6,25957224909156",
691,"6,4",1,pred3,"6,29316188322165",
692,"6,45",1,pred3,"6,32675151735174",
693,"6,5",1,pred3,"6,36034115148184",
694,"6,55",1,pred3,"6,39393078561193",
695,"6,6",1,pred3,"6,42752041974202",
696,"6,65",1,pred3,"6,46111005387211",
697,"6,7",1,pred3,"6,4946996880022",
698,"6,75",1,pred3,"6,52828932213229",
699,"6,8",1,pred3,"6,56187895626238",
700,"6,85",1,pred3,"6,59546859039247",
701,"6,9",1,pred3,"6,62905822452256",
702,"6,95",1,pred3,"6,66264785865265",
703,7,1,pred3,"6,69623749278274",
704,"7,05",1,pred3,"6,72982712691284",
705,"7,1",1,pred3,"6,76341676104293",
706,"7,15",1,pred3,"6,79700639517302",
707,"7,2",1,pred3,"6,83059602930311",
708,"7,25",1,pred3,"6,8641856634332",
709,"7,3",1,pred3,"6,89777529756329",
710,"7,35",1,pred3,"6,93136493169338",
711,"7,4",1,pred3,"6,96495456582347",
712,"7,45",1,pred3,"6,99854419995356",
713,"7,5",1,pred3,"7,03213383408366",
714,"7,55",1,pred3,"7,06572346821375",
715,"7,6",1,pred3,"7,09931310234384",
716,"7,65",1,pred3,"7,13290273647393",
717,"7,7",1,pred3,"7,16649237060402",
718,"7,75",1,pred3,"7,20008200473411",
719,"7,8",1,pred3,"7,2336716388642",
720,"7,85",1,pred3,"7,26726127299429",
721,"7,9",1,pred3,"7,30085090712438",
722,"7,95",1,pred3,"7,33444054125447",
723,8,1,pred3,"7,36803017538457",
724,"8,05",1,pred3,"7,40161980951466",
725,"8,1",1,pred3,"7,43520944364475",
726,"8,15",1,pred3,"7,46879907777484",
727,"8,2",1,pred3,"7,50238871190493",
728,"8,25",1,pred3,"7,53597834603502",
729,"8,3",1,pred3,"7,56956798016511",
730,"8,35",1,pred3,"7,6031576142952",
731,"8,4",1,pred3,"7,63674724842529",
732,"8,45",1,pred3,"7,67033688255538",
733,"8,5",1,pred3,"7,70392651668548",
734,"8,55",1,pred3,"7,73751615081557",
735,"8,6",1,pred3,"7,77110578494566",
736,"8,65",1,pred3,"7,80469541907575",
737,"8,7",1,pred3,"7,83828505320584",
738,"8,75",1,pred3,"7,87187468733593",
739,"8,8",1,pred3,"7,90546432146602",
740,"8,85",1,pred3,"7,93905395559611",
741,"8,9",1,pred3,"7,9726435897262",
742,"8,95",1,pred3,"8,0062332238563",
743,9,1,pred3,"8,03982285798639",
744,"9,05",1,pred3,"8,07341249211648",
745,"9,1",1,pred3,"8,10700212624657",
746,"9,15",1,pred3,"8,14059176037666",
747,"9,2",1,pred3,"8,17418139450675",
748,"9,25",1,pred3,"8,20777102863684",
749,"9,3",1,pred3,"8,24136066276693",
750,"9,35",1,pred3,"8,27495029689702",
751,"9,4",1,pred3,"8,30853993102711",
752,"9,45",1,pred3,"8,3421295651572",
753,"9,5",1,pred3,"8,3757191992873",
754,"9,55",1,pred3,"8,40930883341739",
755,"9,6",1,pred3,"8,44289846754748",
756,"9,65",1,pred3,"8,47648810167757",
757,"9,7",1,pred3,"8,51007773580766",
758,"9,75",1,pred3,"8,54366736993775",
759,"9,8",1,pred3,"8,57725700406784",
760,"9,85",1,pred3,"8,61084663819793",
761,"9,9",1,pred3,"8,64443627232802",
762,"9,95",1,pred3,"8,67802590645812",
763,10,1,pred3,"8,71161554058821",
764,"10,05",1,pred3,"8,7452051747183",
765,"10,1",1,pred3,"8,77879480884839",
766,"10,15",1,pred3,"8,81238444297848",
767,"10,2",1,pred3,"8,84597407710857",
768,"10,25",1,pred3,"8,87956371123866",
769,"10,3",1,pred3,"8,91315334536875",
770,"10,35",1,pred3,"8,94674297949884",
771,"10,4",1,pred3,"8,98033261362893",
772,"10,45",1,pred3,"9,01392224775903",
773,"10,5",1,pred3,"9,04751188188911",
774,"10,55",1,pred3,"9,08110151601921",
775,"10,6",1,pred3,"9,1146911501493",
776,"10,65",1,pred3,"9,14828078427939",
777,"10,7",1,pred3,"9,18187041840948",
778,"10,75",1,pred3,"9,21546005253957",
779,"10,8",1,pred3,"9,24904968666966",
780,"10,85",1,pred3,"9,28263932079975",
781,"10,9",1,pred3,"9,31622895492984",
782,"10,95",1,pred3,"9,34981858905994",
783,11,1,pred3,"9,38340822319003",
784,"11,05",1,pred3,"9,41699785732012",
785,"11,1",1,pred3,"9,45058749145021",
786,"11,15",1,pred3,"9,4841771255803",
787,"11,2",1,pred3,"9,51776675971039",
788,"11,25",1,pred3,"9,55135639384048",
789,"11,3",1,pred3,"9,58494602797057",
790,"11,35",1,pred3,"9,61853566210066",
791,"11,4",1,pred3,"9,65212529623076",
792,"11,45",1,pred3,"9,68571493036085",
793,"11,5",1,pred3,"9,71930456449094",
794,"11,55",1,pred3,"9,75289419862103",
795,"11,6",1,pred3,"9,78648383275112",
796,"11,65",1,pred3,"9,82007346688121",
797,"11,7",1,pred3,"9,8536631010113",
798,"11,75",1,pred3,"9,88725273514139",
799,"11,8",1,pred3,"9,92084236927148",
800,"11,85",1,pred3,"9,95443200340157",
801,"11,9",1,pred3,"9,98802163753166",
802,"11,95",1,pred3,"10,0216112716618",
803,12,1,pred3,"10,0552009057918",
804,"12,05",1,pred3,"10,0887905399219",
805,"12,1",1,pred3,"10,122380174052",
806,"12,15",1,pred3,"10,1559698081821",
807,"12,2",1,pred3,"10,1895594423122",
808,"12,25",1,pred3,"10,2231490764423",
809,"12,3",1,pred3,"10,2567387105724",
810,"12,35",1,pred3,"10,2903283447025",
811,"12,4",1,pred3,"10,3239179788326",
812,"12,45",1,pred3,"10,3575076129627",
813,"12,5",1,pred3,"10,3910972470928",
814,"12,55",1,pred3,"10,4246868812228",
815,"12,6",1,pred3,"10,4582765153529",
816,"12,65",1,pred3,"10,491866149483",
817,"12,7",1,pred3,"10,5254557836131",
818,"12,75",1,pred3,"10,5590454177432",
819,"12,8",1,pred3,"10,5926350518733",
820,"12,85",1,pred3,"10,6262246860034",
821,"12,9",1,pred3,"10,6598143201335",
822,"12,95",1,pred3,"10,6934039542636",
823,13,1,pred3,"10,7269935883937",
824,"13,05",1,pred3,"10,7605832225238",
825,"13,1",1,pred3,"10,7941728566538",
826,"13,15",1,pred3,"10,8277624907839",
827,"13,2",1,pred3,"10,861352124914",
828,"13,25",1,pred3,"10,8949417590441",
829,"13,3",1,pred3,"10,9285313931742",
830,"13,35",1,pred3,"10,9621210273043",
831,"13,4",1,pred3,"10,9957106614344",
832,"13,45",1,pred3,"11,0293002955645",
833,"13,5",1,pred3,"11,0628899296946",
834,"13,55",1,pred3,"11,0964795638247",
835,"13,6",1,pred3,"11,1300691979548",
836,"13,65",1,pred3,"11,1636588320848",
837,"13,7",1,pred3,"11,1972484662149",
838,"13,75",1,pred3,"11,230838100345",
839,"13,8",1,pred3,"11,2644277344751",
840,"13,85",1,pred3,"11,2980173686052",
841,"13,9",1,pred3,"11,3316070027353",
842,"13,95",1,pred3,"11,3651966368654",
843,14,1,pred3,"11,3987862709955",
844,0,0,pred4,"1,10121203176562",
845,"0,05",0,pred4,"1,16019788996858",
846,"0,1",0,pred4,"1,21918374817153",
847,"0,15",0,pred4,"1,27816960637449",
848,"0,2",0,pred4,"1,33715546457745",
849,"0,25",0,pred4,"1,39614132278041",
850,"0,3",0,pred4,"1,45512718098336",
851,"0,35",0,pred4,"1,51411303918632",
852,"0,4",0,pred4,"1,57309889738928",
853,"0,45",0,pred4,"1,63208475559223",
854,"0,5",0,pred4,"1,69107061379519",
855,"0,55",0,pred4,"1,75005647199815",
856,"0,6",0,pred4,"1,80904233020111",
857,"0,65",0,pred4,"1,86802818840406",
858,"0,7",0,pred4,"1,92701404660702",
859,"0,75",0,pred4,"1,98599990480998",
860,"0,8",0,pred4,"2,04498576301294",
861,"0,85",0,pred4,"2,10397162121589",
862,"0,9",0,pred4,"2,16295747941885",
863,"0,95",0,pred4,"2,22194333762181",
864,1,0,pred4,"2,28092919582476",
865,"1,05",0,pred4,"2,33991505402772",
866,"1,1",0,pred4,"2,39890091223068",
867,"1,15",0,pred4,"2,45788677043364",
868,"1,2",0,pred4,"2,51687262863659",
869,"1,25",0,pred4,"2,57585848683955",
870,"1,3",0,pred4,"2,63484434504251",
871,"1,35",0,pred4,"2,69383020324547",
872,"1,4",0,pred4,"2,75281606144842",
873,"1,45",0,pred4,"2,81180191965138",
874,"1,5",0,pred4,"2,87078777785434",
875,"1,55",0,pred4,"2,92977363605729",
876,"1,6",0,pred4,"2,98875949426025",
877,"1,65",0,pred4,"3,04774535246321",
878,"1,7",0,pred4,"3,10673121066617",
879,"1,75",0,pred4,"3,16571706886912",
880,"1,8",0,pred4,"3,22470292707208",
881,"1,85",0,pred4,"3,28368878527504",
882,"1,9",0,pred4,"3,342674643478",
883,"1,95",0,pred4,"3,40166050168095",
884,2,0,pred4,"3,46064635988391",
885,"2,05",0,pred4,"3,51963221808687",
886,"2,1",0,pred4,"3,57861807628983",
887,"2,15",0,pred4,"3,63760393449278",
888,"2,2",0,pred4,"3,69658979269574",
889,"2,25",0,pred4,"3,7555756508987",
890,"2,3",0,pred4,"3,81456150910165",
891,"2,35",0,pred4,"3,87354736730461",
892,"2,4",0,pred4,"3,93253322550757",
893,"2,45",0,pred4,"3,99151908371053",
894,"2,5",0,pred4,"4,05050494191348",
895,"2,55",0,pred4,"4,10949080011644",
896,"2,6",0,pred4,"4,1684766583194",
897,"2,65",0,pred4,"4,22746251652236",
898,"2,7",0,pred4,"4,28644837472531",
899,"2,75",0,pred4,"4,34543423292827",
900,"2,8",0,pred4,"4,40442009113123",
901,"2,85",0,pred4,"4,46340594933418",
902,"2,9",0,pred4,"4,52239180753714",
903,"2,95",0,pred4,"4,5813776657401",
904,3,0,pred4,"4,64036352394306",
905,"3,05",0,pred4,"4,69934938214601",
906,"3,1",0,pred4,"4,75833524034897",
907,"3,15",0,pred4,"4,81732109855193",
908,"3,2",0,pred4,"4,87630695675489",
909,"3,25",0,pred4,"4,93529281495784",
910,"3,3",0,pred4,"4,9942786731608",
911,"3,35",0,pred4,"5,05326453136376",
912,"3,4",0,pred4,"5,11225038956671",
913,"3,45",0,pred4,"5,17123624776967",
914,"3,5",0,pred4,"5,23022210597263",
915,"3,55",0,pred4,"5,28920796417559",
916,"3,6",0,pred4,"5,34819382237854",
917,"3,65",0,pred4,"5,4071796805815",
918,"3,7",0,pred4,"5,46616553878446",
919,"3,75",0,pred4,"5,52515139698742",
920,"3,8",0,pred4,"5,58413725519037",
921,"3,85",0,pred4,"5,64312311339333",
922,"3,9",0,pred4,"5,70210897159629",
923,"3,95",0,pred4,"5,76109482979924",
924,4,0,pred4,"5,8200806880022",
925,"4,05",0,pred4,"5,87906654620516",
926,"4,1",0,pred4,"5,93805240440812",
927,"4,15",0,pred4,"5,99703826261107",
928,"4,2",0,pred4,"6,05602412081403",
929,"4,25",0,pred4,"6,11500997901699",
930,"4,3",0,pred4,"6,17399583721995",
931,"4,35",0,pred4,"6,2329816954229",
932,"4,4",0,pred4,"6,29196755362586",
933,"4,45",0,pred4,"6,35095341182882",
934,"4,5",0,pred4,"6,40993927003177",
935,"4,55",0,pred4,"6,46892512823473",
936,"4,6",0,pred4,"6,52791098643769",
937,"4,65",0,pred4,"6,58689684464065",
938,"4,7",0,pred4,"6,6458827028436",
939,"4,75",0,pred4,"6,70486856104656",
940,"4,8",0,pred4,"6,76385441924952",
941,"4,85",0,pred4,"6,82284027745248",
942,"4,9",0,pred4,"6,88182613565543",
943,"4,95",0,pred4,"6,94081199385839",
944,5,0,pred4,"6,99979785206135",
945,"5,05",0,pred4,"7,05878371026431",
946,"5,1",0,pred4,"7,11776956846726",
947,"5,15",0,pred4,"7,17675542667022",
948,"5,2",0,pred4,"7,23574128487318",
949,"5,25",0,pred4,"7,29472714307613",
950,"5,3",0,pred4,"7,35371300127909",
951,"5,35",0,pred4,"7,41269885948205",
952,"5,4",0,pred4,"7,47168471768501",
953,"5,45",0,pred4,"7,53067057588796",
954,"5,5",0,pred4,"7,58965643409092",
955,"5,55",0,pred4,"7,64864229229388",
956,"5,6",0,pred4,"7,70762815049684",
957,"5,65",0,pred4,"7,76661400869979",
958,"5,7",0,pred4,"7,82559986690275",
959,"5,75",0,pred4,"7,88458572510571",
960,"5,8",0,pred4,"7,94357158330866",
961,"5,85",0,pred4,"8,00255744151162",
962,"5,9",0,pred4,"8,06154329971458",
963,"5,95",0,pred4,"8,12052915791754",
964,6,1,pred4,"8,17951501612049",
965,"6,05",1,pred4,"8,18542697507112",
966,"6,1",1,pred4,"8,19133893402175",
967,"6,15",1,pred4,"8,19725089297237",
968,"6,2",1,pred4,"8,203162851923",
969,"6,25",1,pred4,"8,20907481087363",
970,"6,3",1,pred4,"8,21498676982425",
971,"6,35",1,pred4,"8,22089872877488",
972,"6,4",1,pred4,"8,22681068772551",
973,"6,45",1,pred4,"8,23272264667613",
974,"6,5",1,pred4,"8,23863460562676",
975,"6,55",1,pred4,"8,24454656457739",
976,"6,6",1,pred4,"8,25045852352801",
977,"6,65",1,pred4,"8,25637048247864",
978,"6,7",1,pred4,"8,26228244142927",
979,"6,75",1,pred4,"8,26819440037989",
980,"6,8",1,pred4,"8,27410635933052",
981,"6,85",1,pred4,"8,28001831828115",
982,"6,9",1,pred4,"8,28593027723178",
983,"6,95",1,pred4,"8,2918422361824",
984,7,1,pred4,"8,29775419513303",
985,"7,05",1,pred4,"8,30366615408366",
986,"7,1",1,pred4,"8,30957811303428",
987,"7,15",1,pred4,"8,31549007198491",
988,"7,2",1,pred4,"8,32140203093553",
989,"7,25",1,pred4,"8,32731398988616",
990,"7,3",1,pred4,"8,33322594883679",
991,"7,35",1,pred4,"8,33913790778741",
992,"7,4",1,pred4,"8,34504986673804",
993,"7,45",1,pred4,"8,35096182568867",
994,"7,5",1,pred4,"8,3568737846393",
995,"7,55",1,pred4,"8,36278574358992",
996,"7,6",1,pred4,"8,36869770254055",
997,"7,65",1,pred4,"8,37460966149118",
998,"7,7",1,pred4,"8,3805216204418",
999,"7,75",1,pred4,"8,38643357939243",
1000,"7,8",1,pred4,"8,39234553834306",
1001,"7,85",1,pred4,"8,39825749729368",
1002,"7,9",1,pred4,"8,40416945624431",
1003,"7,95",1,pred4,"8,41008141519494",
1004,8,1,pred4,"8,41599337414556",
1005,"8,05",1,pred4,"8,42190533309619",
1006,"8,1",1,pred4,"8,42781729204682",
1007,"8,15",1,pred4,"8,43372925099744",
1008,"8,2",1,pred4,"8,43964120994807",
1009,"8,25",1,pred4,"8,4455531688987",
1010,"8,3",1,pred4,"8,45146512784932",
1011,"8,35",1,pred4,"8,45737708679995",
1012,"8,4",1,pred4,"8,46328904575058",
1013,"8,45",1,pred4,"8,4692010047012",
1014,"8,5",1,pred4,"8,47511296365183",
1015,"8,55",1,pred4,"8,48102492260246",
1016,"8,6",1,pred4,"8,48693688155308",
1017,"8,65",1,pred4,"8,49284884050371",
1018,"8,7",1,pred4,"8,49876079945434",
1019,"8,75",1,pred4,"8,50467275840496",
1020,"8,8",1,pred4,"8,51058471735559",
1021,"8,85",1,pred4,"8,51649667630622",
1022,"8,9",1,pred4,"8,52240863525684",
1023,"8,95",1,pred4,"8,52832059420747",
1024,9,1,pred4,"8,5342325531581",
1025,"9,05",1,pred4,"8,54014451210872",
1026,"9,1",1,pred4,"8,54605647105935",
1027,"9,15",1,pred4,"8,55196843000998",
1028,"9,2",1,pred4,"8,5578803889606",
1029,"9,25",1,pred4,"8,56379234791123",
1030,"9,3",1,pred4,"8,56970430686186",
1031,"9,35",1,pred4,"8,57561626581249",
1032,"9,4",1,pred4,"8,58152822476311",
1033,"9,45",1,pred4,"8,58744018371374",
1034,"9,5",1,pred4,"8,59335214266437",
1035,"9,55",1,pred4,"8,59926410161499",
1036,"9,6",1,pred4,"8,60517606056562",
1037,"9,65",1,pred4,"8,61108801951625",
1038,"9,7",1,pred4,"8,61699997846687",
1039,"9,75",1,pred4,"8,6229119374175",
1040,"9,8",1,pred4,"8,62882389636813",
1041,"9,85",1,pred4,"8,63473585531875",
1042,"9,9",1,pred4,"8,64064781426938",
1043,"9,95",1,pred4,"8,64655977322001",
1044,10,1,pred4,"8,65247173217063",
1045,"10,05",1,pred4,"8,65838369112126",
1046,"10,1",1,pred4,"8,66429565007189",
1047,"10,15",1,pred4,"8,67020760902251",
1048,"10,2",1,pred4,"8,67611956797314",
1049,"10,25",1,pred4,"8,68203152692377",
1050,"10,3",1,pred4,"8,68794348587439",
1051,"10,35",1,pred4,"8,69385544482502",
1052,"10,4",1,pred4,"8,69976740377565",
1053,"10,45",1,pred4,"8,70567936272627",
1054,"10,5",1,pred4,"8,7115913216769",
1055,"10,55",1,pred4,"8,71750328062753",
1056,"10,6",1,pred4,"8,72341523957815",
1057,"10,65",1,pred4,"8,72932719852878",
1058,"10,7",1,pred4,"8,73523915747941",
1059,"10,75",1,pred4,"8,74115111643003",
1060,"10,8",1,pred4,"8,74706307538066",
1061,"10,85",1,pred4,"8,75297503433129",
1062,"10,9",1,pred4,"8,75888699328191",
1063,"10,95",1,pred4,"8,76479895223254",
1064,11,1,pred4,"8,77071091118317",
1065,"11,05",1,pred4,"8,77662287013379",
1066,"11,1",1,pred4,"8,78253482908442",
1067,"11,15",1,pred4,"8,78844678803505",
1068,"11,2",1,pred4,"8,79435874698567",
1069,"11,25",1,pred4,"8,8002707059363",
1070,"11,3",1,pred4,"8,80618266488693",
1071,"11,35",1,pred4,"8,81209462383755",
1072,"11,4",1,pred4,"8,81800658278818",
1073,"11,45",1,pred4,"8,82391854173881",
1074,"11,5",1,pred4,"8,82983050068943",
1075,"11,55",1,pred4,"8,83574245964006",
1076,"11,6",1,pred4,"8,84165441859069",
1077,"11,65",1,pred4,"8,84756637754131",
1078,"11,7",1,pred4,"8,85347833649194",
1079,"11,75",1,pred4,"8,85939029544257",
1080,"11,8",1,pred4,"8,86530225439319",
1081,"11,85",1,pred4,"8,87121421334382",
1082,"11,9",1,pred4,"8,87712617229445",
1083,"11,95",1,pred4,"8,88303813124507",
1084,12,1,pred4,"8,8889500901957",
1085,"12,05",1,pred4,"8,89486204914633",
1086,"12,1",1,pred4,"8,90077400809695",
1087,"12,15",1,pred4,"8,90668596704758",
1088,"12,2",1,pred4,"8,91259792599821",
1089,"12,25",1,pred4,"8,91850988494883",
1090,"12,3",1,pred4,"8,92442184389946",
1091,"12,35",1,pred4,"8,93033380285009",
1092,"12,4",1,pred4,"8,93624576180071",
1093,"12,45",1,pred4,"8,94215772075134",
1094,"12,5",1,pred4,"8,94806967970197",
1095,"12,55",1,pred4,"8,95398163865259",
1096,"12,6",1,pred4,"8,95989359760322",
1097,"12,65",1,pred4,"8,96580555655385",
1098,"12,7",1,pred4,"8,97171751550447",
1099,"12,75",1,pred4,"8,9776294744551",
1100,"12,8",1,pred4,"8,98354143340573",
1101,"12,85",1,pred4,"8,98945339235635",
1102,"12,9",1,pred4,"8,99536535130698",
1103,"12,95",1,pred4,"9,00127731025761",
1104,13,1,pred4,"9,00718926920823",
1105,"13,05",1,pred4,"9,01310122815886",
1106,"13,1",1,pred4,"9,01901318710949",
1107,"13,15",1,pred4,"9,02492514606011",
1108,"13,2",1,pred4,"9,03083710501074",
1109,"13,25",1,pred4,"9,03674906396137",
1110,"13,3",1,pred4,"9,04266102291199",
1111,"13,35",1,pred4,"9,04857298186262",
1112,"13,4",1,pred4,"9,05448494081325",
1113,"13,45",1,pred4,"9,06039689976388",
1114,"13,5",1,pred4,"9,0663088587145",
1115,"13,55",1,pred4,"9,07222081766513",
1116,"13,6",1,pred4,"9,07813277661575",
1117,"13,65",1,pred4,"9,08404473556638",
1118,"13,7",1,pred4,"9,08995669451701",
1119,"13,75",1,pred4,"9,09586865346763",
1120,"13,8",1,pred4,"9,10178061241826",
1121,"13,85",1,pred4,"9,10769257136889",
1122,"13,9",1,pred4,"9,11360453031952",
1123,"13,95",1,pred4,"9,11951648927014",
1124,14,1,pred4,"9,12542844822077",
1125,0,0,pred5,"0,976050255145772",
1126,"0,05",0,pred5,"1,03843336303033",
1127,"0,1",0,pred5,"1,10081647091489",
1128,"0,15",0,pred5,"1,16319957879946",
1129,"0,2",0,pred5,"1,22558268668402",
1130,"0,25",0,pred5,"1,28796579456858",
1131,"0,3",0,pred5,"1,35034890245314",
1132,"0,35",0,pred5,"1,4127320103377",
1133,"0,4",0,pred5,"1,47511511822226",
1134,"0,45",0,pred5,"1,53749822610682",
1135,"0,5",0,pred5,"1,59988133399138",
1136,"0,55",0,pred5,"1,66226444187594",
1137,"0,6",0,pred5,"1,7246475497605",
1138,"0,65",0,pred5,"1,78703065764506",
1139,"0,7",0,pred5,"1,84941376552962",
1140,"0,75",0,pred5,"1,91179687341418",
1141,"0,8",0,pred5,"1,97417998129874",
1142,"0,85",0,pred5,"2,0365630891833",
1143,"0,9",0,pred5,"2,09894619706787",
1144,"0,95",0,pred5,"2,16132930495243",
1145,1,0,pred5,"2,22371241283699",
1146,"1,05",0,pred5,"2,28609552072155",
1147,"1,1",0,pred5,"2,34847862860611",
1148,"1,15",0,pred5,"2,41086173649067",
1149,"1,2",0,pred5,"2,47324484437523",
1150,"1,25",0,pred5,"2,53562795225979",
1151,"1,3",0,pred5,"2,59801106014435",
1152,"1,35",0,pred5,"2,66039416802891",
1153,"1,4",0,pred5,"2,72277727591347",
1154,"1,45",0,pred5,"2,78516038379803",
1155,"1,5",0,pred5,"2,84754349168259",
1156,"1,55",0,pred5,"2,90992659956715",
1157,"1,6",0,pred5,"2,97230970745171",
1158,"1,65",0,pred5,"3,03469281533628",
1159,"1,7",0,pred5,"3,09707592322084",
1160,"1,75",0,pred5,"3,1594590311054",
1161,"1,8",0,pred5,"3,22184213898996",
1162,"1,85",0,pred5,"3,28422524687452",
1163,"1,9",0,pred5,"3,34660835475908",
1164,"1,95",0,pred5,"3,40899146264364",
1165,2,0,pred5,"3,4713745705282",
1166,"2,05",0,pred5,"3,53375767841276",
1167,"2,1",0,pred5,"3,59614078629732",
1168,"2,15",0,pred5,"3,65852389418188",
1169,"2,2",0,pred5,"3,72090700206644",
1170,"2,25",0,pred5,"3,783290109951",
1171,"2,3",0,pred5,"3,84567321783557",
1172,"2,35",0,pred5,"3,90805632572013",
1173,"2,4",0,pred5,"3,97043943360469",
1174,"2,45",0,pred5,"4,03282254148925",
1175,"2,5",0,pred5,"4,09520564937381",
1176,"2,55",0,pred5,"4,15758875725837",
1177,"2,6",0,pred5,"4,21997186514293",
1178,"2,65",0,pred5,"4,28235497302749",
1179,"2,7",0,pred5,"4,34473808091205",
1180,"2,75",0,pred5,"4,40712118879661",
1181,"2,8",0,pred5,"4,46950429668117",
1182,"2,85",0,pred5,"4,53188740456573",
1183,"2,9",0,pred5,"4,59427051245029",
1184,"2,95",0,pred5,"4,65665362033485",
1185,3,0,pred5,"4,71903672821941",
1186,"3,05",0,pred5,"4,78141983610398",
1187,"3,1",0,pred5,"4,84380294398854",
1188,"3,15",0,pred5,"4,9061860518731",
1189,"3,2",0,pred5,"4,96856915975766",
1190,"3,25",0,pred5,"5,03095226764222",
1191,"3,3",0,pred5,"5,09333537552678",
1192,"3,35",0,pred5,"5,15571848341134",
1193,"3,4",0,pred5,"5,2181015912959",
1194,"3,45",0,pred5,"5,28048469918046",
1195,"3,5",0,pred5,"5,34286780706502",
1196,"3,55",0,pred5,"5,40525091494958",
1197,"3,6",0,pred5,"5,46763402283414",
1198,"3,65",0,pred5,"5,5300171307187",
1199,"3,7",0,pred5,"5,59240023860326",
1200,"3,75",0,pred5,"5,65478334648783",
1201,"3,8",0,pred5,"5,71716645437239",
1202,"3,85",0,pred5,"5,77954956225695",
1203,"3,9",0,pred5,"5,84193267014151",
1204,"3,95",0,pred5,"5,90431577802607",
1205,4,0,pred5,"5,96669888591063",
1206,"4,05",0,pred5,"6,02908199379519",
1207,"4,1",0,pred5,"6,09146510167975",
1208,"4,15",0,pred5,"6,15384820956431",
1209,"4,2",0,pred5,"6,21623131744887",
1210,"4,25",0,pred5,"6,27861442533343",
1211,"4,3",0,pred5,"6,34099753321799",
1212,"4,35",0,pred5,"6,40338064110255",
1213,"4,4",0,pred5,"6,46576374898711",
1214,"4,45",0,pred5,"6,52814685687168",
1215,"4,5",0,pred5,"6,59052996475624",
1216,"4,55",0,pred5,"6,6529130726408",
1217,"4,6",0,pred5,"6,71529618052536",
1218,"4,65",0,pred5,"6,77767928840992",
1219,"4,7",0,pred5,"6,84006239629448",
1220,"4,75",0,pred5,"6,90244550417904",
1221,"4,8",0,pred5,"6,9648286120636",
1222,"4,85",0,pred5,"7,02721171994816",
1223,"4,9",0,pred5,"7,08959482783272",
1224,"4,95",0,pred5,"7,15197793571728",
1225,5,0,pred5,"7,21436104360184",
1226,"5,05",0,pred5,"7,2767441514864",
1227,"5,1",0,pred5,"7,33912725937097",
1228,"5,15",0,pred5,"7,40151036725553",
1229,"5,2",0,pred5,"7,46389347514009",
1230,"5,25",0,pred5,"7,52627658302465",
1231,"5,3",0,pred5,"7,58865969090921",
1232,"5,35",0,pred5,"7,65104279879377",
1233,"5,4",0,pred5,"7,71342590667833",
1234,"5,45",0,pred5,"7,77580901456289",
1235,"5,5",0,pred5,"7,83819212244745",
1236,"5,55",0,pred5,"7,90057523033201",
1237,"5,6",0,pred5,"7,96295833821657",
1238,"5,65",0,pred5,"8,02534144610113",
1239,"5,7",0,pred5,"8,08772455398569",
1240,"5,75",0,pred5,"8,15010766187025",
1241,"5,8",0,pred5,"8,21249076975482",
1242,"5,85",0,pred5,"8,27487387763938",
1243,"5,9",0,pred5,"8,33725698552394",
1244,"5,95",0,pred5,"8,3996400934085",
1245,6,1,pred5,"8,46202320129306",
1246,"6,05",1,pred5,"8,46202320129306",
1247,"6,1",1,pred5,"8,46202320129306",
1248,"6,15",1,pred5,"8,46202320129306",
1249,"6,2",1,pred5,"8,46202320129306",
1250,"6,25",1,pred5,"8,46202320129306",
1251,"6,3",1,pred5,"8,46202320129306",
1252,"6,35",1,pred5,"8,46202320129306",
1253,"6,4",1,pred5,"8,46202320129306",
1254,"6,45",1,pred5,"8,46202320129306",
1255,"6,5",1,pred5,"8,46202320129306",
1256,"6,55",1,pred5,"8,46202320129306",
1257,"6,6",1,pred5,"8,46202320129306",
1258,"6,65",1,pred5,"8,46202320129306",
1259,"6,7",1,pred5,"8,46202320129306",
1260,"6,75",1,pred5,"8,46202320129306",
1261,"6,8",1,pred5,"8,46202320129306",
1262,"6,85",1,pred5,"8,46202320129306",
1263,"6,9",1,pred5,"8,46202320129306",
1264,"6,95",1,pred5,"8,46202320129306",
1265,7,1,pred5,"8,46202320129306",
1266,"7,05",1,pred5,"8,46202320129306",
1267,"7,1",1,pred5,"8,46202320129306",
1268,"7,15",1,pred5,"8,46202320129306",
1269,"7,2",1,pred5,"8,46202320129306",
1270,"7,25",1,pred5,"8,46202320129306",
1271,"7,3",1,pred5,"8,46202320129306",
1272,"7,35",1,pred5,"8,46202320129306",
1273,"7,4",1,pred5,"8,46202320129306",
1274,"7,45",1,pred5,"8,46202320129306",
1275,"7,5",1,pred5,"8,46202320129306",
1276,"7,55",1,pred5,"8,46202320129306",
1277,"7,6",1,pred5,"8,46202320129306",
1278,"7,65",1,pred5,"8,46202320129306",
1279,"7,7",1,pred5,"8,46202320129306",
1280,"7,75",1,pred5,"8,46202320129306",
1281,"7,8",1,pred5,"8,46202320129306",
1282,"7,85",1,pred5,"8,46202320129306",
1283,"7,9",1,pred5,"8,46202320129306",
1284,"7,95",1,pred5,"8,46202320129306",
1285,8,1,pred5,"8,46202320129306",
1286,"8,05",1,pred5,"8,46202320129306",
1287,"8,1",1,pred5,"8,46202320129306",
1288,"8,15",1,pred5,"8,46202320129306",
1289,"8,2",1,pred5,"8,46202320129306",
1290,"8,25",1,pred5,"8,46202320129306",
1291,"8,3",1,pred5,"8,46202320129306",
1292,"8,35",1,pred5,"8,46202320129306",
1293,"8,4",1,pred5,"8,46202320129306",
1294,"8,45",1,pred5,"8,46202320129306",
1295,"8,5",1,pred5,"8,46202320129306",
1296,"8,55",1,pred5,"8,46202320129306",
1297,"8,6",1,pred5,"8,46202320129306",
1298,"8,65",1,pred5,"8,46202320129306",
1299,"8,7",1,pred5,"8,46202320129306",
1300,"8,75",1,pred5,"8,46202320129306",
1301,"8,8",1,pred5,"8,46202320129306",
1302,"8,85",1,pred5,"8,46202320129306",
1303,"8,9",1,pred5,"8,46202320129306",
1304,"8,95",1,pred5,"8,46202320129306",
1305,9,1,pred5,"8,46202320129306",
1306,"9,05",1,pred5,"8,46202320129306",
1307,"9,1",1,pred5,"8,46202320129306",
1308,"9,15",1,pred5,"8,46202320129306",
1309,"9,2",1,pred5,"8,46202320129306",
1310,"9,25",1,pred5,"8,46202320129306",
1311,"9,3",1,pred5,"8,46202320129306",
1312,"9,35",1,pred5,"8,46202320129306",
1313,"9,4",1,pred5,"8,46202320129306",
1314,"9,45",1,pred5,"8,46202320129306",
1315,"9,5",1,pred5,"8,46202320129306",
1316,"9,55",1,pred5,"8,46202320129306",
1317,"9,6",1,pred5,"8,46202320129306",
1318,"9,65",1,pred5,"8,46202320129306",
1319,"9,7",1,pred5,"8,46202320129306",
1320,"9,75",1,pred5,"8,46202320129306",
1321,"9,8",1,pred5,"8,46202320129306",
1322,"9,85",1,pred5,"8,46202320129306",
1323,"9,9",1,pred5,"8,46202320129306",
1324,"9,95",1,pred5,"8,46202320129306",
1325,10,1,pred5,"8,46202320129306",
1326,"10,05",1,pred5,"8,46202320129306",
1327,"10,1",1,pred5,"8,46202320129306",
1328,"10,15",1,pred5,"8,46202320129306",
1329,"10,2",1,pred5,"8,46202320129306",
1330,"10,25",1,pred5,"8,46202320129306",
1331,"10,3",1,pred5,"8,46202320129306",
1332,"10,35",1,pred5,"8,46202320129306",
1333,"10,4",1,pred5,"8,46202320129306",
1334,"10,45",1,pred5,"8,46202320129306",
1335,"10,5",1,pred5,"8,46202320129306",
1336,"10,55",1,pred5,"8,46202320129306",
1337,"10,6",1,pred5,"8,46202320129306",
1338,"10,65",1,pred5,"8,46202320129306",
1339,"10,7",1,pred5,"8,46202320129306",
1340,"10,75",1,pred5,"8,46202320129306",
1341,"10,8",1,pred5,"8,46202320129306",
1342,"10,85",1,pred5,"8,46202320129306",
1343,"10,9",1,pred5,"8,46202320129306",
1344,"10,95",1,pred5,"8,46202320129306",
1345,11,1,pred5,"8,46202320129306",
1346,"11,05",1,pred5,"8,46202320129306",
1347,"11,1",1,pred5,"8,46202320129306",
1348,"11,15",1,pred5,"8,46202320129306",
1349,"11,2",1,pred5,"8,46202320129306",
1350,"11,25",1,pred5,"8,46202320129306",
1351,"11,3",1,pred5,"8,46202320129306",
1352,"11,35",1,pred5,"8,46202320129306",
1353,"11,4",1,pred5,"8,46202320129306",
1354,"11,45",1,pred5,"8,46202320129306",
1355,"11,5",1,pred5,"8,46202320129306",
1356,"11,55",1,pred5,"8,46202320129306",
1357,"11,6",1,pred5,"8,46202320129306",
1358,"11,65",1,pred5,"8,46202320129306",
1359,"11,7",1,pred5,"8,46202320129306",
1360,"11,75",1,pred5,"8,46202320129306",
1361,"11,8",1,pred5,"8,46202320129306",
1362,"11,85",1,pred5,"8,46202320129306",
1363,"11,9",1,pred5,"8,46202320129306",
1364,"11,95",1,pred5,"8,46202320129306",
1365,12,1,pred5,"8,46202320129306",
1366,"12,05",1,pred5,"8,46202320129306",
1367,"12,1",1,pred5,"8,46202320129306",
1368,"12,15",1,pred5,"8,46202320129306",
1369,"12,2",1,pred5,"8,46202320129306",
1370,"12,25",1,pred5,"8,46202320129306",
1371,"12,3",1,pred5,"8,46202320129306",
1372,"12,35",1,pred5,"8,46202320129306",
1373,"12,4",1,pred5,"8,46202320129306",
1374,"12,45",1,pred5,"8,46202320129306",
1375,"12,5",1,pred5,"8,46202320129306",
1376,"12,55",1,pred5,"8,46202320129306",
1377,"12,6",1,pred5,"8,46202320129306",
1378,"12,65",1,pred5,"8,46202320129306",
1379,"12,7",1,pred5,"8,46202320129306",
1380,"12,75",1,pred5,"8,46202320129306",
1381,"12,8",1,pred5,"8,46202320129306",
1382,"12,85",1,pred5,"8,46202320129306",
1383,"12,9",1,pred5,"8,46202320129306",
1384,"12,95",1,pred5,"8,46202320129306",
1385,13,1,pred5,"8,46202320129306",
1386,"13,05",1,pred5,"8,46202320129306",
1387,"13,1",1,pred5,"8,46202320129306",
1388,"13,15",1,pred5,"8,46202320129306",
1389,"13,2",1,pred5,"8,46202320129306",
1390,"13,25",1,pred5,"8,46202320129306",
1391,"13,3",1,pred5,"8,46202320129306",
1392,"13,35",1,pred5,"8,46202320129306",
1393,"13,4",1,pred5,"8,46202320129306",
1394,"13,45",1,pred5,"8,46202320129306",
1395,"13,5",1,pred5,"8,46202320129306",
1396,"13,55",1,pred5,"8,46202320129306",
1397,"13,6",1,pred5,"8,46202320129306",
1398,"13,65",1,pred5,"8,46202320129306",
1399,"13,7",1,pred5,"8,46202320129306",
1400,"13,75",1,pred5,"8,46202320129306",
1401,"13,8",1,pred5,"8,46202320129306",
1402,"13,85",1,pred5,"8,46202320129306",
1403,"13,9",1,pred5,"8,46202320129306",
1404,"13,95",1,pred5,"8,46202320129306",
1405,14,1,pred5,"8,46202320129306",
